L,e,n,o,v,o, ,д,л,я, ,У,ч,е,б,ы,/,W,o,r,d,/,E,x,c,e,l, ,c, ,Г,а,р,а,н,т,и,е,й
6, ,9,9,0, , ,₽
м,., ,П,а,в,е,л,е,ц,к,а,я
h,t,t,p,s,:,/,/,w,w,w,.,a,v,i,t,o,.,r,u,/,m,o,s,k,v,a,/,n,o,u,t,b,u,k,i,/,l,e,n,o,v,o,_,d,l,y,a,_,u,c,h,e,b,y,w,o,r,d,e,x,c,e,l,_,c,_,g,a,r,a,n,t,i,e,y,_,1,7,1,3,9,6,3,3,8,9
L,e,n,o,v,o, ,T,h,i,n,k,p,a,d, ,X,2,3,0, ,i,5, ,О,т,л,и,ч,н,о,е, ,с,о,с,т,о,я,н,и,е,., ,3,3,2,0,m
1,3, ,5,0,0, , ,₽
м,., ,Щ,е,л,к,о,в,с,к,а,я
h,t,t,p,s,:,/,/,w,w,w,.,a,v,i,t,o,.,r,u,/,m,o,s,k,v,a,/,n,o,u,t,b,u,k,i,/,l,e,n,o,v,o,_,t,h,i,n,k,p,a,d,_,x,2,3,0,_,i,5,_,o,t,l,i,c,h,n,o,e,_,s,o,s,t,o,y,a,n,i,e,.,_,3,3,2,0,m,_,7,2,8,2,3,7,2,3,7
L,e,n,o,v,o, ,T,h,i,n,k,p,a,d, ,X,2,2,0, ,к,р,е,п,к,и,й, ,т,о,в,а,р,и,щ
9, ,5,0,0, , ,₽
м,., ,Н,и,ж,е,г,о,р,о,д,с,к,а,я
h,t,t,p,s,:,/,/,w,w,w,.,a,v,i,t,o,.,r,u,/,m,o,s,k,v,a,/,n,o,u,t,b,u,k,i,/,l,e,n,o,v,o,_,t,h,i,n,k,p,a,d,_,x,2,2,0,_,k,r,e,p,k,i,y,_,t,o,v,a,r,i,s,c,h,_,9,2,4,4,0,3,6,4,4
L,e,n,o,v,o, ,T,h,i,n,k,P,a,d, ,X,1, ,C,a,r,b,o,n, ,5, ,L,T,E, ,I,P,S, ,(,L,E,D,), ,S,S,D
7,5, ,0,0,0, , ,₽
м,., ,С,м,о,л,е,н,с,к,а,я
h,t,t,p,s,:,/,/,w,w,w,.,a,v,i,t,o,.,r,u,/,m,o,s,k,v,a,/,n,o,u,t,b,u,k,i,/,l,e,n,o,v,o,_,t,h,i,n,k,p,a,d,_,x,1,_,c,a,r,b,o,n,_,5,_,l,t,e,_,i,p,s,_,l,e,d,_,s,s,d,_,1,3,6,1,3,2,7,8,1,6
L,e,n,o,v,o, ,д,л,я, ,У,ч,е,б,ы,/,W,o,r,d,/,E,x,c,e,l, ,c, ,Г,а,р,а,н,т,и,е,й
6, ,9,9,0, , ,₽
м,., ,П,а,в,е,л,е,ц,к,а,я
h,t,t,p,s,:,/,/,w,w,w,.,a,v,i,t,o,.,r,u,/,m,o,s,k,v,a,/,n,o,u,t,b,u,k,i,/,l,e,n,o,v,o,_,d,l,y,a,_,u,c,h,e,b,y,w,o,r,d,e,x,c,e,l,_,c,_,g,a,r,a,n,t,i,e,y,_,1,7,1,3,9,6,3,3,8,9
L,e,n,o,v,o, ,T,h,i,n,k,p,a,d, ,X,2,3,0, ,i,5, ,О,т,л,и,ч,н,о,е, ,с,о,с,т,о,я,н,и,е,., ,3,3,2,0,m
1,3, ,5,0,0, , ,₽
м,., ,Щ,е,л,к,о,в,с,к,а,я
h,t,t,p,s,:,/,/,w,w,w,.,a,v,i,t,o,.,r,u,/,m,o,s,k,v,a,/,n,o,u,t,b,u,k,i,/,l,e,n,o,v,o,_,t,h,i,n,k,p,a,d,_,x,2,3,0,_,i,5,_,o,t,l,i,c,h,n,o,e,_,s,o,s,t,o,y,a,n,i,e,.,_,3,3,2,0,m,_,7,2,8,2,3,7,2,3,7
L,e,n,o,v,o, ,T,h,i,n,k,p,a,d, ,X,2,2,0, ,к,р,е,п,к,и,й, ,т,о,в,а,р,и,щ
9, ,5,0,0, , ,₽
м,., ,Н,и,ж,е,г,о,р,о,д,с,к,а,я
h,t,t,p,s,:,/,/,w,w,w,.,a,v,i,t,o,.,r,u,/,m,o,s,k,v,a,/,n,o,u,t,b,u,k,i,/,l,e,n,o,v,o,_,t,h,i,n,k,p,a,d,_,x,2,2,0,_,k,r,e,p,k,i,y,_,t,o,v,a,r,i,s,c,h,_,9,2,4,4,0,3,6,4,4
L,e,n,o,v,o, ,T,h,i,n,k,P,a,d, ,X,1, ,C,a,r,b,o,n, ,5, ,L,T,E, ,I,P,S, ,(,L,E,D,), ,S,S,D
7,5, ,0,0,0, , ,₽
м,., ,С,м,о,л,е,н,с,к,а,я
h,t,t,p,s,:,/,/,w,w,w,.,a,v,i,t,o,.,r,u,/,m,o,s,k,v,a,/,n,o,u,t,b,u,k,i,/,l,e,n,o,v,o,_,t,h,i,n,k,p,a,d,_,x,1,_,c,a,r,b,o,n,_,5,_,l,t,e,_,i,p,s,_,l,e,d,_,s,s,d,_,1,3,6,1,3,2,7,8,1,6
L,e,n,o,v,o, ,д,л,я, ,У,ч,е,б,ы,/,W,o,r,d,/,E,x,c,e,l, ,c, ,Г,а,р,а,н,т,и,е,й
6, ,9,9,0, , ,₽
м,., ,П,а,в,е,л,е,ц,к,а,я
h,t,t,p,s,:,/,/,w,w,w,.,a,v,i,t,o,.,r,u,/,m,o,s,k,v,a,/,n,o,u,t,b,u,k,i,/,l,e,n,o,v,o,_,d,l,y,a,_,u,c,h,e,b,y,w,o,r,d,e,x,c,e,l,_,c,_,g,a,r,a,n,t,i,e,y,_,1,7,1,3,9,6,3,3,8,9
L,e,n,o,v,o, ,T,h,i,n,k,p,a,d, ,X,2,3,0, ,i,5, ,О,т,л,и,ч,н,о,е, ,с,о,с,т,о,я,н,и,е,., ,3,3,2,0,m
1,3, ,5,0,0, , ,₽
м,., ,Щ,е,л,к,о,в,с,к,а,я
h,t,t,p,s,:,/,/,w,w,w,.,a,v,i,t,o,.,r,u,/,m,o,s,k,v,a,/,n,o,u,t,b,u,k,i,/,l,e,n,o,v,o,_,t,h,i,n,k,p,a,d,_,x,2,3,0,_,i,5,_,o,t,l,i,c,h,n,o,e,_,s,o,s,t,o,y,a,n,i,e,.,_,3,3,2,0,m,_,7,2,8,2,3,7,2,3,7
L,e,n,o,v,o, ,T,h,i,n,k,p,a,d, ,X,2,2,0, ,к,р,е,п,к,и,й, ,т,о,в,а,р,и,щ
9, ,5,0,0, , ,₽
м,., ,Н,и,ж,е,г,о,р,о,д,с,к,а,я
h,t,t,p,s,:,/,/,w,w,w,.,a,v,i,t,o,.,r,u,/,m,o,s,k,v,a,/,n,o,u,t,b,u,k,i,/,l,e,n,o,v,o,_,t,h,i,n,k,p,a,d,_,x,2,2,0,_,k,r,e,p,k,i,y,_,t,o,v,a,r,i,s,c,h,_,9,2,4,4,0,3,6,4,4
L,e,n,o,v,o, ,T,h,i,n,k,P,a,d, ,X,1, ,C,a,r,b,o,n, ,5, ,L,T,E, ,I,P,S, ,(,L,E,D,), ,S,S,D
7,5, ,0,0,0, , ,₽
м,., ,С,м,о,л,е,н,с,к,а,я
h,t,t,p,s,:,/,/,w,w,w,.,a,v,i,t,o,.,r,u,/,m,o,s,k,v,a,/,n,o,u,t,b,u,k,i,/,l,e,n,o,v,o,_,t,h,i,n,k,p,a,d,_,x,1,_,c,a,r,b,o,n,_,5,_,l,t,e,_,i,p,s,_,l,e,d,_,s,s,d,_,1,3,6,1,3,2,7,8,1,6
L,e,n,o,v,o, ,д,л,я, ,У,ч,е,б,ы,/,W,o,r,d,/,E,x,c,e,l, ,c, ,Г,а,р,а,н,т,и,е,й
6, ,9,9,0, , ,₽
м,., ,П,а,в,е,л,е,ц,к,а,я
h,t,t,p,s,:,/,/,w,w,w,.,a,v,i,t,o,.,r,u,/,m,o,s,k,v,a,/,n,o,u,t,b,u,k,i,/,l,e,n,o,v,o,_,d,l,y,a,_,u,c,h,e,b,y,w,o,r,d,e,x,c,e,l,_,c,_,g,a,r,a,n,t,i,e,y,_,1,7,1,3,9,6,3,3,8,9
L,e,n,o,v,o, ,T,h,i,n,k,p,a,d, ,X,2,3,0, ,i,5, ,О,т,л,и,ч,н,о,е, ,с,о,с,т,о,я,н,и,е,., ,3,3,2,0,m
1,3, ,5,0,0, , ,₽
м,., ,Щ,е,л,к,о,в,с,к,а,я
h,t,t,p,s,:,/,/,w,w,w,.,a,v,i,t,o,.,r,u,/,m,o,s,k,v,a,/,n,o,u,t,b,u,k,i,/,l,e,n,o,v,o,_,t,h,i,n,k,p,a,d,_,x,2,3,0,_,i,5,_,o,t,l,i,c,h,n,o,e,_,s,o,s,t,o,y,a,n,i,e,.,_,3,3,2,0,m,_,7,2,8,2,3,7,2,3,7
L,e,n,o,v,o, ,T,h,i,n,k,p,a,d, ,X,2,2,0, ,к,р,е,п,к,и,й, ,т,о,в,а,р,и,щ
9, ,5,0,0, , ,₽
м,., ,Н,и,ж,е,г,о,р,о,д,с,к,а,я
h,t,t,p,s,:,/,/,w,w,w,.,a,v,i,t,o,.,r,u,/,m,o,s,k,v,a,/,n,o,u,t,b,u,k,i,/,l,e,n,o,v,o,_,t,h,i,n,k,p,a,d,_,x,2,2,0,_,k,r,e,p,k,i,y,_,t,o,v,a,r,i,s,c,h,_,9,2,4,4,0,3,6,4,4
L,e,n,o,v,o, ,T,h,i,n,k,P,a,d, ,X,1, ,C,a,r,b,o,n, ,5, ,L,T,E, ,I,P,S, ,(,L,E,D,), ,S,S,D
7,5, ,0,0,0, , ,₽
м,., ,С,м,о,л,е,н,с,к,а,я
h,t,t,p,s,:,/,/,w,w,w,.,a,v,i,t,o,.,r,u,/,m,o,s,k,v,a,/,n,o,u,t,b,u,k,i,/,l,e,n,o,v,o,_,t,h,i,n,k,p,a,d,_,x,1,_,c,a,r,b,o,n,_,5,_,l,t,e,_,i,p,s,_,l,e,d,_,s,s,d,_,1,3,6,1,3,2,7,8,1,6
L,e,n,o,v,o, ,д,л,я, ,У,ч,е,б,ы,/,W,o,r,d,/,E,x,c,e,l, ,c, ,Г,а,р,а,н,т,и,е,й
6, ,9,9,0, , ,₽
м,., ,П,а,в,е,л,е,ц,к,а,я
h,t,t,p,s,:,/,/,w,w,w,.,a,v,i,t,o,.,r,u,/,m,o,s,k,v,a,/,n,o,u,t,b,u,k,i,/,l,e,n,o,v,o,_,d,l,y,a,_,u,c,h,e,b,y,w,o,r,d,e,x,c,e,l,_,c,_,g,a,r,a,n,t,i,e,y,_,1,7,1,3,9,6,3,3,8,9
L,e,n,o,v,o, ,T,h,i,n,k,p,a,d, ,X,2,3,0, ,i,5, ,О,т,л,и,ч,н,о,е, ,с,о,с,т,о,я,н,и,е,., ,3,3,2,0,m
1,3, ,5,0,0, , ,₽
м,., ,Щ,е,л,к,о,в,с,к,а,я
h,t,t,p,s,:,/,/,w,w,w,.,a,v,i,t,o,.,r,u,/,m,o,s,k,v,a,/,n,o,u,t,b,u,k,i,/,l,e,n,o,v,o,_,t,h,i,n,k,p,a,d,_,x,2,3,0,_,i,5,_,o,t,l,i,c,h,n,o,e,_,s,o,s,t,o,y,a,n,i,e,.,_,3,3,2,0,m,_,7,2,8,2,3,7,2,3,7
L,e,n,o,v,o, ,T,h,i,n,k,p,a,d, ,X,2,2,0, ,к,р,е,п,к,и,й, ,т,о,в,а,р,и,щ
9, ,5,0,0, , ,₽
м,., ,Н,и,ж,е,г,о,р,о,д,с,к,а,я
h,t,t,p,s,:,/,/,w,w,w,.,a,v,i,t,o,.,r,u,/,m,o,s,k,v,a,/,n,o,u,t,b,u,k,i,/,l,e,n,o,v,o,_,t,h,i,n,k,p,a,d,_,x,2,2,0,_,k,r,e,p,k,i,y,_,t,o,v,a,r,i,s,c,h,_,9,2,4,4,0,3,6,4,4
L,e,n,o,v,o, ,T,h,i,n,k,P,a,d, ,X,1, ,C,a,r,b,o,n, ,5, ,L,T,E, ,I,P,S, ,(,L,E,D,), ,S,S,D
7,5, ,0,0,0, , ,₽
м,., ,С,м,о,л,е,н,с,к,а,я
h,t,t,p,s,:,/,/,w,w,w,.,a,v,i,t,o,.,r,u,/,m,o,s,k,v,a,/,n,o,u,t,b,u,k,i,/,l,e,n,o,v,o,_,t,h,i,n,k,p,a,d,_,x,1,_,c,a,r,b,o,n,_,5,_,l,t,e,_,i,p,s,_,l,e,d,_,s,s,d,_,1,3,6,1,3,2,7,8,1,6
L,e,n,o,v,o, ,д,л,я, ,У,ч,е,б,ы,/,W,o,r,d,/,E,x,c,e,l, ,c, ,Г,а,р,а,н,т,и,е,й
6, ,9,9,0, , ,₽
м,., ,П,а,в,е,л,е,ц,к,а,я
h,t,t,p,s,:,/,/,w,w,w,.,a,v,i,t,o,.,r,u,/,m,o,s,k,v,a,/,n,o,u,t,b,u,k,i,/,l,e,n,o,v,o,_,d,l,y,a,_,u,c,h,e,b,y,w,o,r,d,e,x,c,e,l,_,c,_,g,a,r,a,n,t,i,e,y,_,1,7,1,3,9,6,3,3,8,9
L,e,n,o,v,o, ,T,h,i,n,k,p,a,d, ,X,2,3,0, ,i,5, ,О,т,л,и,ч,н,о,е, ,с,о,с,т,о,я,н,и,е,., ,3,3,2,0,m
1,3, ,5,0,0, , ,₽
м,., ,Щ,е,л,к,о,в,с,к,а,я
h,t,t,p,s,:,/,/,w,w,w,.,a,v,i,t,o,.,r,u,/,m,o,s,k,v,a,/,n,o,u,t,b,u,k,i,/,l,e,n,o,v,o,_,t,h,i,n,k,p,a,d,_,x,2,3,0,_,i,5,_,o,t,l,i,c,h,n,o,e,_,s,o,s,t,o,y,a,n,i,e,.,_,3,3,2,0,m,_,7,2,8,2,3,7,2,3,7
L,e,n,o,v,o, ,T,h,i,n,k,p,a,d, ,X,2,2,0, ,к,р,е,п,к,и,й, ,т,о,в,а,р,и,щ
9, ,5,0,0, , ,₽
м,., ,Н,и,ж,е,г,о,р,о,д,с,к,а,я
h,t,t,p,s,:,/,/,w,w,w,.,a,v,i,t,o,.,r,u,/,m,o,s,k,v,a,/,n,o,u,t,b,u,k,i,/,l,e,n,o,v,o,_,t,h,i,n,k,p,a,d,_,x,2,2,0,_,k,r,e,p,k,i,y,_,t,o,v,a,r,i,s,c,h,_,9,2,4,4,0,3,6,4,4
L,e,n,o,v,o, ,T,h,i,n,k,P,a,d, ,X,1, ,C,a,r,b,o,n, ,5, ,L,T,E, ,I,P,S, ,(,L,E,D,), ,S,S,D
7,5, ,0,0,0, , ,₽
м,., ,С,м,о,л,е,н,с,к,а,я
h,t,t,p,s,:,/,/,w,w,w,.,a,v,i,t,o,.,r,u,/,m,o,s,k,v,a,/,n,o,u,t,b,u,k,i,/,l,e,n,o,v,o,_,t,h,i,n,k,p,a,d,_,x,1,_,c,a,r,b,o,n,_,5,_,l,t,e,_,i,p,s,_,l,e,d,_,s,s,d,_,1,3,6,1,3,2,7,8,1,6
L,e,n,o,v,o, ,д,л,я, ,У,ч,е,б,ы,/,W,o,r,d,/,E,x,c,e,l, ,c, ,Г,а,р,а,н,т,и,е,й
6, ,9,9,0, , ,₽
м,., ,П,а,в,е,л,е,ц,к,а,я
h,t,t,p,s,:,/,/,w,w,w,.,a,v,i,t,o,.,r,u,/,m,o,s,k,v,a,/,n,o,u,t,b,u,k,i,/,l,e,n,o,v,o,_,d,l,y,a,_,u,c,h,e,b,y,w,o,r,d,e,x,c,e,l,_,c,_,g,a,r,a,n,t,i,e,y,_,1,7,1,3,9,6,3,3,8,9
L,e,n,o,v,o, ,T,h,i,n,k,p,a,d, ,X,2,3,0, ,i,5, ,О,т,л,и,ч,н,о,е, ,с,о,с,т,о,я,н,и,е,., ,3,3,2,0,m
1,3, ,5,0,0, , ,₽
м,., ,Щ,е,л,к,о,в,с,к,а,я
h,t,t,p,s,:,/,/,w,w,w,.,a,v,i,t,o,.,r,u,/,m,o,s,k,v,a,/,n,o,u,t,b,u,k,i,/,l,e,n,o,v,o,_,t,h,i,n,k,p,a,d,_,x,2,3,0,_,i,5,_,o,t,l,i,c,h,n,o,e,_,s,o,s,t,o,y,a,n,i,e,.,_,3,3,2,0,m,_,7,2,8,2,3,7,2,3,7
L,e,n,o,v,o, ,T,h,i,n,k,p,a,d, ,X,2,2,0, ,к,р,е,п,к,и,й, ,т,о,в,а,р,и,щ
9, ,5,0,0, , ,₽
м,., ,Н,и,ж,е,г,о,р,о,д,с,к,а,я
h,t,t,p,s,:,/,/,w,w,w,.,a,v,i,t,o,.,r,u,/,m,o,s,k,v,a,/,n,o,u,t,b,u,k,i,/,l,e,n,o,v,o,_,t,h,i,n,k,p,a,d,_,x,2,2,0,_,k,r,e,p,k,i,y,_,t,o,v,a,r,i,s,c,h,_,9,2,4,4,0,3,6,4,4
L,e,n,o,v,o, ,T,h,i,n,k,P,a,d, ,X,1, ,C,a,r,b,o,n, ,5, ,L,T,E, ,I,P,S, ,(,L,E,D,), ,S,S,D
7,5, ,0,0,0, , ,₽
м,., ,С,м,о,л,е,н,с,к,а,я
h,t,t,p,s,:,/,/,w,w,w,.,a,v,i,t,o,.,r,u,/,m,o,s,k,v,a,/,n,o,u,t,b,u,k,i,/,l,e,n,o,v,o,_,t,h,i,n,k,p,a,d,_,x,1,_,c,a,r,b,o,n,_,5,_,l,t,e,_,i,p,s,_,l,e,d,_,s,s,d,_,1,3,6,1,3,2,7,8,1,6
L,e,n,o,v,o, ,д,л,я, ,У,ч,е,б,ы,/,W,o,r,d,/,E,x,c,e,l, ,c, ,Г,а,р,а,н,т,и,е,й
6, ,9,9,0, , ,₽
м,., ,П,а,в,е,л,е,ц,к,а,я
h,t,t,p,s,:,/,/,w,w,w,.,a,v,i,t,o,.,r,u,/,m,o,s,k,v,a,/,n,o,u,t,b,u,k,i,/,l,e,n,o,v,o,_,d,l,y,a,_,u,c,h,e,b,y,w,o,r,d,e,x,c,e,l,_,c,_,g,a,r,a,n,t,i,e,y,_,1,7,1,3,9,6,3,3,8,9
L,e,n,o,v,o, ,T,h,i,n,k,p,a,d, ,X,2,3,0, ,i,5, ,О,т,л,и,ч,н,о,е, ,с,о,с,т,о,я,н,и,е,., ,3,3,2,0,m
1,3, ,5,0,0, , ,₽
м,., ,Щ,е,л,к,о,в,с,к,а,я
h,t,t,p,s,:,/,/,w,w,w,.,a,v,i,t,o,.,r,u,/,m,o,s,k,v,a,/,n,o,u,t,b,u,k,i,/,l,e,n,o,v,o,_,t,h,i,n,k,p,a,d,_,x,2,3,0,_,i,5,_,o,t,l,i,c,h,n,o,e,_,s,o,s,t,o,y,a,n,i,e,.,_,3,3,2,0,m,_,7,2,8,2,3,7,2,3,7
L,e,n,o,v,o, ,T,h,i,n,k,p,a,d, ,X,2,2,0, ,к,р,е,п,к,и,й, ,т,о,в,а,р,и,щ
9, ,5,0,0, , ,₽
м,., ,Н,и,ж,е,г,о,р,о,д,с,к,а,я
h,t,t,p,s,:,/,/,w,w,w,.,a,v,i,t,o,.,r,u,/,m,o,s,k,v,a,/,n,o,u,t,b,u,k,i,/,l,e,n,o,v,o,_,t,h,i,n,k,p,a,d,_,x,2,2,0,_,k,r,e,p,k,i,y,_,t,o,v,a,r,i,s,c,h,_,9,2,4,4,0,3,6,4,4
L,e,n,o,v,o, ,T,h,i,n,k,P,a,d, ,X,1, ,C,a,r,b,o,n, ,5, ,L,T,E, ,I,P,S, ,(,L,E,D,), ,S,S,D
7,5, ,0,0,0, , ,₽
м,., ,С,м,о,л,е,н,с,к,а,я
h,t,t,p,s,:,/,/,w,w,w,.,a,v,i,t,o,.,r,u,/,m,o,s,k,v,a,/,n,o,u,t,b,u,k,i,/,l,e,n,o,v,o,_,t,h,i,n,k,p,a,d,_,x,1,_,c,a,r,b,o,n,_,5,_,l,t,e,_,i,p,s,_,l,e,d,_,s,s,d,_,1,3,6,1,3,2,7,8,1,6
